id;nome;cognome;email;numero_di_telefono;data_assunzione
1;mobile Fish;Home Loan Account Table Computer;Jadon_Streich@gmail.com;alarm;2019-06-17T07:40:59
2;Producer;Implementation Electronics Officer;Elliott.Monahan@yahoo.com;Home Namibia;2019-06-16T22:34:50
3;Gorgeous Frozen Pants;Common;Liana_Dooley@hotmail.com;Mississippi Refined Rubber Chicken Table;2019-06-17T06:36:57
4;Factors;South Dakota envisioneer Music;Markus_Fisher@gmail.com;Investment Account;2019-06-16T12:10:50
5;Salad;Digitized invoice;Hermann54@gmail.com;Chair Facilitator;2019-06-16T13:34:27
6;Markets Chief;capacitor archive;Cleve96@yahoo.com;navigating;2019-06-16T14:14:30
7;South Georgia and the South Sandwich Islands;compelling mission-critical;Doug80@yahoo.com;Small;2019-06-16T08:29:32
8;index orange;Jewelery;Mekhi_Rath77@gmail.com;Unbranded Plastic Tuna Frozen;2019-06-16T11:27:46
9;Investment Account archive Fantastic Plastic Chicken;payment;Louvenia_Goodwin47@yahoo.com;Frozen bus;2019-06-16T13:55:07
10;Idaho compress Avon;system Small;Bernadette89@yahoo.com;Harbor Montana;2019-06-16T15:29:06
